FirstName,LastName,Gender,Country,Date,Competition,Round,Location,Apparatus,Rank,D-Score,E-Score,Penalty,Score
Sunisa,LEE,Women,USA,THU 29 JUL 2021,Olympic Games,final,"Tokyo, Japan",VT,(5),5.400,9.200,NA,14.600
Sunisa,LEE,Women,USA,THU 29 JUL 2021,Olympic Games,final,"Tokyo, Japan",UE,(1),6.800,8.500,NA,15.300
Sunisa,LEE,Women,USA,THU 29 JUL 2021,Olympic Games,final,"Tokyo, Japan",BB,(2),6.100,7.733,NA,13.833
Sunisa,LEE,Women,USA,THU 29 JUL 2021,Olympic Games,final,"Tokyo, Japan",FX,(5),5.600,8.100,NA,13.700
Rebeca,ANDRADE,Women,BRA,THU 29 JUL 2021,Olympic Games,final,"Tokyo, Japan",VT,(1),6.000,9.400,-0.1,15.300
Rebeca,ANDRADE,Women,BRA,THU 29 JUL 2021,Olympic Games,final,"Tokyo, Japan",UE,(5),6.300,8.366,NA,14.666
Rebeca,ANDRADE,Women,BRA,THU 29 JUL 2021,Olympic Games,final,"Tokyo, Japan",BB,(5),5.700,7.966,NA,13.666
Rebeca,ANDRADE,Women,BRA,THU 29 JUL 2021,Olympic Games,final,"Tokyo, Japan",FX,(7),5.900,8.166,-0.4,13.666
Angelina,MELNIKOVA,Women,ROC,THU 29 JUL 2021,Olympic Games,final,"Tokyo, Japan",VT,(4),5.400,9.233,NA,14.633
Angelina,MELNIKOVA,Women,ROC,THU 29 JUL 2021,Olympic Games,final,"Tokyo, Japan",UE,(3),6.300,8.600,NA,14.900
Angelina,MELNIKOVA,Women,ROC,THU 29 JUL 2021,Olympic Games,final,"Tokyo, Japan",BB,(4),5.400,8.300,NA,13.700
Angelina,MELNIKOVA,Women,ROC,THU 29 JUL 2021,Olympic Games,final,"Tokyo, Japan",FX,(2),5.700,8.266,NA,13.966
Vladislava,URAZOVA,Women,ROC,THU 29 JUL 2021,Olympic Games,final,"Tokyo, Japan",VT,(9),5.400,9.100,NA,14.500
Vladislava,URAZOVA,Women,ROC,THU 29 JUL 2021,Olympic Games,final,"Tokyo, Japan",UE,(4),6.300,8.566,NA,14.866
Vladislava,URAZOVA,Women,ROC,THU 29 JUL 2021,Olympic Games,final,"Tokyo, Japan",BB,(1),5.900,8.300,NA,14.200
Vladislava,URAZOVA,Women,ROC,THU 29 JUL 2021,Olympic Games,final,"Tokyo, Japan",FX,(10),5.100,8.300,NA,13.400
Mai,MURAKAMI,Women,JPN,THU 29 JUL 2021,Olympic Games,final,"Tokyo, Japan",VT,(8),5.400,9.133,NA,14.533
Mai,MURAKAMI,Women,JPN,THU 29 JUL 2021,Olympic Games,final,"Tokyo, Japan",UE,(12),5.900,7.833,NA,13.733
Mai,MURAKAMI,Women,JPN,THU 29 JUL 2021,Olympic Games,final,"Tokyo, Japan",BB,(3),5.800,7.966,NA,13.766
Mai,MURAKAMI,Women,JPN,THU 29 JUL 2021,Olympic Games,final,"Tokyo, Japan",FX,(1),5.900,8.100,NA,14.000
Nina,DERWAEL,Women,BEL,THU 29 JUL 2021,Olympic Games,final,"Tokyo, Japan",VT,(19),5.000,9.000,-0.1,13.900
Nina,DERWAEL,Women,BEL,THU 29 JUL 2021,Olympic Games,final,"Tokyo, Japan",UE,(2),6.700,8.566,NA,15.266
Nina,DERWAEL,Women,BEL,THU 29 JUL 2021,Olympic Games,final,"Tokyo, Japan",BB,(6),5.400,7.966,NA,13.366
Nina,DERWAEL,Women,BEL,THU 29 JUL 2021,Olympic Games,final,"Tokyo, Japan",FX,(9),5.000,8.433,NA,13.433
Xijing,TANG,Women,CHN,THU 29 JUL 2021,Olympic Games,final,"Tokyo, Japan",VT,(16),5.400,8.833,NA,14.233
Xijing,TANG,Women,CHN,THU 29 JUL 2021,Olympic Games,final,"Tokyo, Japan",UE,(8),6.000,8.233,NA,14.233
Xijing,TANG,Women,CHN,THU 29 JUL 2021,Olympic Games,final,"Tokyo, Japan",BB,(9),6.000,7.066,NA,13.066
Xijing,TANG,Women,CHN,THU 29 JUL 2021,Olympic Games,final,"Tokyo, Japan",FX,(18),5.200,7.766,NA,12.966
Jade,CAREY,Women,USA,THU 29 JUL 2021,Olympic Games,final,"Tokyo, Japan",VT,(2),6.000,9.200,NA,15.200
Jade,CAREY,Women,USA,THU 29 JUL 2021,Olympic Games,final,"Tokyo, Japan",UE,(15),5.500,8.000,NA,13.500
Jade,CAREY,Women,USA,THU 29 JUL 2021,Olympic Games,final,"Tokyo, Japan",BB,(23),5.100,6.433,NA,11.533
Jade,CAREY,Women,USA,THU 29 JUL 2021,Olympic Games,final,"Tokyo, Japan",FX,(3),6.300,7.766,-0.1,13.966
Elisabeth,SEITZ,Women,GER,THU 29 JUL 2021,Olympic Games,final,"Tokyo, Japan",VT,(17),5.400,8.800,NA,14.200
Elisabeth,SEITZ,Women,GER,THU 29 JUL 2021,Olympic Games,final,"Tokyo, Japan",UE,(6),6.200,8.300,NA,14.500
Elisabeth,SEITZ,Women,GER,THU 29 JUL 2021,Olympic Games,final,"Tokyo, Japan",BB,(10),4.900,8.033,NA,12.933
Elisabeth,SEITZ,Women,GER,THU 29 JUL 2021,Olympic Games,final,"Tokyo, Japan",FX,(23),4.800,7.733,-0.1,12.433
Jessica,GADIROVA,Women,GBR,THU 29 JUL 2021,Olympic Games,final,"Tokyo, Japan",VT,(7),5.400,9.166,NA,14.566
Jessica,GADIROVA,Women,GBR,THU 29 JUL 2021,Olympic Games,final,"Tokyo, Japan",UE,(13),5.700,7.966,NA,13.666
Jessica,GADIROVA,Women,GBR,THU 29 JUL 2021,Olympic Games,final,"Tokyo, Japan",BB,(20),5.000,7.033,NA,12.033
Jessica,GADIROVA,Women,GBR,THU 29 JUL 2021,Olympic Games,final,"Tokyo, Japan",FX,(5),5.600,8.100,NA,13.700
JESUS,de,Women,FRA,THU 29 JUL 2021,Olympic Games,final,"Tokyo, Japan",VT,(13),5.400,8.966,NA,14.366
JESUS,de,Women,FRA,THU 29 JUL 2021,Olympic Games,final,"Tokyo, Japan",UE,(10),6.300,7.533,NA,13.833
JESUS,de,Women,FRA,THU 29 JUL 2021,Olympic Games,final,"Tokyo, Japan",BB,(18),5.200,6.966,NA,12.166
JESUS,de,Women,FRA,THU 29 JUL 2021,Olympic Games,final,"Tokyo, Japan",FX,(12),5.600,7.733,NA,13.333
Carolann,HEDUIT,Women,FRA,THU 29 JUL 2021,Olympic Games,final,"Tokyo, Japan",VT,(12),5.400,9.000,NA,14.400
Carolann,HEDUIT,Women,FRA,THU 29 JUL 2021,Olympic Games,final,"Tokyo, Japan",UE,(14),5.900,7.666,NA,13.566
Carolann,HEDUIT,Women,FRA,THU 29 JUL 2021,Olympic Games,final,"Tokyo, Japan",BB,(14),5.100,7.466,NA,12.566
Carolann,HEDUIT,Women,FRA,THU 29 JUL 2021,Olympic Games,final,"Tokyo, Japan",FX,(15),5.200,7.833,NA,13.033
Jennifer,GADIROVA,Women,GBR,THU 29 JUL 2021,Olympic Games,final,"Tokyo, Japan",VT,(11),5.400,9.100,-0.1,14.400
Jennifer,GADIROVA,Women,GBR,THU 29 JUL 2021,Olympic Games,final,"Tokyo, Japan",UE,(23),5.000,7.400,NA,12.400
Jennifer,GADIROVA,Women,GBR,THU 29 JUL 2021,Olympic Games,final,"Tokyo, Japan",BB,(11),5.100,7.833,NA,12.933
Jennifer,GADIROVA,Women,GBR,THU 29 JUL 2021,Olympic Games,final,"Tokyo, Japan",FX,(4),5.400,8.400,NA,13.800
Zsofia,KOVACS,Women,HUN,THU 29 JUL 2021,Olympic Games,final,"Tokyo, Japan",VT,(9),5.400,9.100,NA,14.500
Zsofia,KOVACS,Women,HUN,THU 29 JUL 2021,Olympic Games,final,"Tokyo, Japan",UE,(9),6.300,7.933,NA,14.233
Zsofia,KOVACS,Women,HUN,THU 29 JUL 2021,Olympic Games,final,"Tokyo, Japan",BB,(19),5.400,6.700,NA,12.100
Zsofia,KOVACS,Women,HUN,THU 29 JUL 2021,Olympic Games,final,"Tokyo, Japan",FX,(22),5.000,7.600,NA,12.600
Giulia,STEINGRUBER,Women,SUI,THU 29 JUL 2021,Olympic Games,final,"Tokyo, Japan",VT,(3),5.800,9.033,NA,14.833
Giulia,STEINGRUBER,Women,SUI,THU 29 JUL 2021,Olympic Games,final,"Tokyo, Japan",UE,(20),5.000,7.800,NA,12.800
Giulia,STEINGRUBER,Women,SUI,THU 29 JUL 2021,Olympic Games,final,"Tokyo, Japan",BB,(16),4.900,7.500,NA,12.400
Giulia,STEINGRUBER,Women,SUI,THU 29 JUL 2021,Olympic Games,final,"Tokyo, Japan",FX,(11),5.400,7.933,NA,13.333
Brooklyn,MOORS,Women,CAN,THU 29 JUL 2021,Olympic Games,final,"Tokyo, Japan",VT,(14),5.400,8.900,NA,14.300
Brooklyn,MOORS,Women,CAN,THU 29 JUL 2021,Olympic Games,final,"Tokyo, Japan",UE,(18),5.000,8.000,NA,13.000
Brooklyn,MOORS,Women,CAN,THU 29 JUL 2021,Olympic Games,final,"Tokyo, Japan",BB,(15),5.000,7.433,NA,12.433
Brooklyn,MOORS,Women,CAN,THU 29 JUL 2021,Olympic Games,final,"Tokyo, Japan",FX,(8),5.200,8.366,NA,13.566
Kim,BUI,Women,GER,THU 29 JUL 2021,Olympic Games,final,"Tokyo, Japan",VT,(21),4.600,8.866,NA,13.466
Kim,BUI,Women,GER,THU 29 JUL 2021,Olympic Games,final,"Tokyo, Japan",UE,(11),5.700,8.066,NA,13.766
Kim,BUI,Women,GER,THU 29 JUL 2021,Olympic Games,final,"Tokyo, Japan",BB,(13),4.800,7.800,NA,12.600
Kim,BUI,Women,GER,THU 29 JUL 2021,Olympic Games,final,"Tokyo, Japan",FX,(13),5.300,7.866,NA,13.166
Yufei,LU,Women,CHN,THU 29 JUL 2021,Olympic Games,final,"Tokyo, Japan",VT,(20),4.800,8.700,NA,13.500
Yufei,LU,Women,CHN,THU 29 JUL 2021,Olympic Games,final,"Tokyo, Japan",UE,(17),6.000,7.333,NA,13.333
Yufei,LU,Women,CHN,THU 29 JUL 2021,Olympic Games,final,"Tokyo, Japan",BB,(7),5.800,7.333,NA,13.133
Yufei,LU,Women,CHN,THU 29 JUL 2021,Olympic Games,final,"Tokyo, Japan",FX,(19),5.000,7.833,NA,12.833
Martina,MAGGIO,Women,ITA,THU 29 JUL 2021,Olympic Games,final,"Tokyo, Japan",VT,(18),5.000,9.033,NA,14.033
Martina,MAGGIO,Women,ITA,THU 29 JUL 2021,Olympic Games,final,"Tokyo, Japan",UE,(22),5.500,6.966,NA,12.466
Martina,MAGGIO,Women,ITA,THU 29 JUL 2021,Olympic Games,final,"Tokyo, Japan",BB,(8),5.000,8.066,NA,13.066
Martina,MAGGIO,Women,ITA,THU 29 JUL 2021,Olympic Games,final,"Tokyo, Japan",FX,(16),5.000,8.000,NA,13.000
Alice,D'AMATO,Women,ITA,THU 29 JUL 2021,Olympic Games,final,"Tokyo, Japan",VT,(14),5.400,8.900,NA,14.300
Alice,D'AMATO,Women,ITA,THU 29 JUL 2021,Olympic Games,final,"Tokyo, Japan",UE,(19),5.900,7.100,NA,13.000
Alice,D'AMATO,Women,ITA,THU 29 JUL 2021,Olympic Games,final,"Tokyo, Japan",BB,(22),5.300,6.333,NA,11.633
Alice,D'AMATO,Women,ITA,THU 29 JUL 2021,Olympic Games,final,"Tokyo, Japan",FX,(17),5.000,7.966,NA,12.966
Yunseo,LEE,Women,KOR,THU 29 JUL 2021,Olympic Games,final,"Tokyo, Japan",VT,(22),4.600,8.800,NA,13.400
Yunseo,LEE,Women,KOR,THU 29 JUL 2021,Olympic Games,final,"Tokyo, Japan",UE,(7),6.300,8.000,NA,14.300
Yunseo,LEE,Women,KOR,THU 29 JUL 2021,Olympic Games,final,"Tokyo, Japan",BB,(24),4.700,6.566,NA,11.266
Yunseo,LEE,Women,KOR,THU 29 JUL 2021,Olympic Games,final,"Tokyo, Japan",FX,(20),5.200,7.466,NA,12.666
Roxana,POPA,Women,ESP,THU 29 JUL 2021,Olympic Games,final,"Tokyo, Japan",VT,(5),5.400,9.200,NA,14.600
Roxana,POPA,Women,ESP,THU 29 JUL 2021,Olympic Games,final,"Tokyo, Japan",UE,(24),5.800,6.300,NA,12.100
Roxana,POPA,Women,ESP,THU 29 JUL 2021,Olympic Games,final,"Tokyo, Japan",BB,(21),5.300,6.400,NA,11.700
Roxana,POPA,Women,ESP,THU 29 JUL 2021,Olympic Games,final,"Tokyo, Japan",FX,(14),5.400,7.733,NA,13.133
Jutta,VERKEST,Women,BEL,THU 29 JUL 2021,Olympic Games,final,"Tokyo, Japan",VT,(22),4.600,8.800,NA,13.400
Jutta,VERKEST,Women,BEL,THU 29 JUL 2021,Olympic Games,final,"Tokyo, Japan",UE,(21),5.400,7.066,NA,12.466
Jutta,VERKEST,Women,BEL,THU 29 JUL 2021,Olympic Games,final,"Tokyo, Japan",BB,(12),5.400,7.333,NA,12.733
Jutta,VERKEST,Women,BEL,THU 29 JUL 2021,Olympic Games,final,"Tokyo, Japan",FX,(21),4.800,8.133,-0.3,12.633
Lieke,WEVERS,Women,NED,THU 29 JUL 2021,Olympic Games,final,"Tokyo, Japan",VT,(24),4.600,8.966,-0.3,13.266
Lieke,WEVERS,Women,NED,THU 29 JUL 2021,Olympic Games,final,"Tokyo, Japan",UE,(16),5.100,8.266,NA,13.366
Lieke,WEVERS,Women,NED,THU 29 JUL 2021,Olympic Games,final,"Tokyo, Japan",BB,(17),5.100,7.300,NA,12.400
Lieke,WEVERS,Women,NED,THU 29 JUL 2021,Olympic Games,final,"Tokyo, Japan",FX,(24),5.200,6.866,NA,12.066
Simone,BILES,Women,USA,SUN 25 JUL 2021,Olympic Games,qual,"Tokyo, Japan",VT,(4),6.000,9.266,-0.3,14.966
Simone,BILES,Women,USA,SUN 25 JUL 2021,Olympic Games,qual,"Tokyo, Japan",UE,(10),6.200,8.366,NA,14.566
Simone,BILES,Women,USA,SUN 25 JUL 2021,Olympic Games,qual,"Tokyo, Japan",BB,(7),6.500,7.566,NA,14.066
Simone,BILES,Women,USA,SUN 25 JUL 2021,Olympic Games,qual,"Tokyo, Japan",FX,(2),6.700,7.733,-0.3,14.133
Rebeca,ANDRADE,Women,BRA,SUN 25 JUL 2021,Olympic Games,qual,"Tokyo, Japan",VT,(1),6.000,9.400,NA,15.400
Rebeca,ANDRADE,Women,BRA,SUN 25 JUL 2021,Olympic Games,qual,"Tokyo, Japan",UE,(19),6.000,8.200,NA,14.200
Rebeca,ANDRADE,Women,BRA,SUN 25 JUL 2021,Olympic Games,qual,"Tokyo, Japan",BB,(18),5.800,7.933,NA,13.733
Rebeca,ANDRADE,Women,BRA,SUN 25 JUL 2021,Olympic Games,qual,"Tokyo, Japan",FX,(4),5.700,8.366,NA,14.066
Sunisa,LEE,Women,USA,SUN 25 JUL 2021,Olympic Games,qual,"Tokyo, Japan",VT,(24),5.400,8.933,NA,14.333
Sunisa,LEE,Women,USA,SUN 25 JUL 2021,Olympic Games,qual,"Tokyo, Japan",UE,(2),6.600,8.600,NA,15.200
Sunisa,LEE,Women,USA,SUN 25 JUL 2021,Olympic Games,qual,"Tokyo, Japan",BB,(3),6.200,8.000,NA,14.200
Sunisa,LEE,Women,USA,SUN 25 JUL 2021,Olympic Games,qual,"Tokyo, Japan",FX,(18),5.600,7.833,NA,13.433
Angelina,MELNIKOVA,Women,ROC,SUN 25 JUL 2021,Olympic Games,qual,"Tokyo, Japan",VT,(20),5.400,9.066,NA,14.466
Angelina,MELNIKOVA,Women,ROC,SUN 25 JUL 2021,Olympic Games,qual,"Tokyo, Japan",UE,(4),6.300,8.633,NA,14.933
Angelina,MELNIKOVA,Women,ROC,SUN 25 JUL 2021,Olympic Games,qual,"Tokyo, Japan",BB,(17),5.500,8.233,NA,13.733
Angelina,MELNIKOVA,Women,ROC,SUN 25 JUL 2021,Olympic Games,qual,"Tokyo, Japan",FX,(7),5.800,8.200,NA,14.000
Vladislava,URAZOVA,Women,ROC,SUN 25 JUL 2021,Olympic Games,qual,"Tokyo, Japan",VT,(12),5.400,9.200,NA,14.600
Vladislava,URAZOVA,Women,ROC,SUN 25 JUL 2021,Olympic Games,qual,"Tokyo, Japan",UE,(5),6.300,8.566,NA,14.866
Vladislava,URAZOVA,Women,ROC,SUN 25 JUL 2021,Olympic Games,qual,"Tokyo, Japan",BB,(8),5.800,8.200,NA,14.000
Vladislava,URAZOVA,Women,ROC,SUN 25 JUL 2021,Olympic Games,qual,"Tokyo, Japan",FX,(10),5.300,8.333,NA,13.633
Viktoriia,LISTUNOVA,Women,ROC,SUN 25 JUL 2021,Olympic Games,qual,"Tokyo, Japan",VT,(26),5.400,8.900,NA,14.300
Viktoriia,LISTUNOVA,Women,ROC,SUN 25 JUL 2021,Olympic Games,qual,"Tokyo, Japan",UE,(6),6.400,8.366,NA,14.766
Viktoriia,LISTUNOVA,Women,ROC,SUN 25 JUL 2021,Olympic Games,qual,"Tokyo, Japan",BB,(13),5.600,8.266,NA,13.866
Viktoriia,LISTUNOVA,Women,ROC,SUN 25 JUL 2021,Olympic Games,qual,"Tokyo, Japan",FX,(6),5.600,8.400,NA,14.000
Nina,DERWAEL,Women,BEL,SUN 25 JUL 2021,Olympic Games,qual,"Tokyo, Japan",VT,(42),5.000,8.900,NA,13.900
Nina,DERWAEL,Women,BEL,SUN 25 JUL 2021,Olympic Games,qual,"Tokyo, Japan",UE,(1),6.700,8.666,NA,15.366
Nina,DERWAEL,Women,BEL,SUN 25 JUL 2021,Olympic Games,qual,"Tokyo, Japan",BB,(15),5.400,8.366,NA,13.766
Nina,DERWAEL,Women,BEL,SUN 25 JUL 2021,Olympic Games,qual,"Tokyo, Japan",FX,(12),5.000,8.566,NA,13.566
Xijing,TANG,Women,CHN,SUN 25 JUL 2021,Olympic Games,qual,"Tokyo, Japan",VT,(26),5.400,8.900,NA,14.300
Xijing,TANG,Women,CHN,SUN 25 JUL 2021,Olympic Games,qual,"Tokyo, Japan",UE,(13),6.000,8.433,NA,14.433
Xijing,TANG,Women,CHN,SUN 25 JUL 2021,Olympic Games,qual,"Tokyo, Japan",BB,(2),6.200,8.133,NA,14.333
Xijing,TANG,Women,CHN,SUN 25 JUL 2021,Olympic Games,qual,"Tokyo, Japan",FX,(20),5.300,8.066,NA,13.366
Jade,CAREY,Women,USA,SUN 25 JUL 2021,Olympic Games,qual,"Tokyo, Japan",VT,(2),6.000,9.166,NA,15.166
Jade,CAREY,Women,USA,SUN 25 JUL 2021,Olympic Games,qual,"Tokyo, Japan",UE,(20),5.800,8.333,NA,14.133
Jade,CAREY,Women,USA,SUN 25 JUL 2021,Olympic Games,qual,"Tokyo, Japan",BB,(41),5.400,7.466,NA,12.866
Jade,CAREY,Women,USA,SUN 25 JUL 2021,Olympic Games,qual,"Tokyo, Japan",FX,(3),6.200,7.900,NA,14.100
JESUS,de,Women,FRA,SUN 25 JUL 2021,Olympic Games,qual,"Tokyo, Japan",VT,(19),5.400,9.166,-0.1,14.466
JESUS,de,Women,FRA,SUN 25 JUL 2021,Olympic Games,qual,"Tokyo, Japan",UE,(11),6.400,8.166,NA,14.566
JESUS,de,Women,FRA,SUN 25 JUL 2021,Olympic Games,qual,"Tokyo, Japan",BB,(26),5.300,7.933,NA,13.233
JESUS,de,Women,FRA,SUN 25 JUL 2021,Olympic Games,qual,"Tokyo, Japan",FX,(25),5.400,8.066,-0.3,13.166
Mykayla,SKINNER,Women,USA,SUN 25 JUL 2021,Olympic Games,qual,"Tokyo, Japan",VT,(7),6.000,8.933,NA,14.933
Mykayla,SKINNER,Women,USA,SUN 25 JUL 2021,Olympic Games,qual,"Tokyo, Japan",UE,(31),5.800,7.866,NA,13.666
Mykayla,SKINNER,Women,USA,SUN 25 JUL 2021,Olympic Games,qual,"Tokyo, Japan",BB,(27),6.100,7.133,NA,13.233
Mykayla,SKINNER,Women,USA,SUN 25 JUL 2021,Olympic Games,qual,"Tokyo, Japan",FX,(14),6.000,7.566,NA,13.566
Jessica,GADIROVA,Women,GBR,SUN 25 JUL 2021,Olympic Games,qual,"Tokyo, Japan",VT,(16),5.400,9.100,NA,14.500
Jessica,GADIROVA,Women,GBR,SUN 25 JUL 2021,Olympic Games,qual,"Tokyo, Japan",UE,(29),5.700,8.100,NA,13.800
Jessica,GADIROVA,Women,GBR,SUN 25 JUL 2021,Olympic Games,qual,"Tokyo, Japan",BB,(39),5.100,7.766,NA,12.866
Jessica,GADIROVA,Women,GBR,SUN 25 JUL 2021,Olympic Games,qual,"Tokyo, Japan",FX,(5),5.500,8.533,NA,14.033
CALLUM,Mc,Women,USA,SUN 25 JUL 2021,Olympic Games,qual,"Tokyo, Japan",VT,(13),5.400,9.133,NA,14.533
CALLUM,Mc,Women,USA,SUN 25 JUL 2021,Olympic Games,qual,"Tokyo, Japan",UE,(22),5.800,8.300,NA,14.100
CALLUM,Mc,Women,USA,SUN 25 JUL 2021,Olympic Games,qual,"Tokyo, Japan",BB,(32),5.200,7.866,NA,13.066
CALLUM,Mc,Women,USA,SUN 25 JUL 2021,Olympic Games,qual,"Tokyo, Japan",FX,(16),5.600,7.966,-0.1,13.466
Yufei,LU,Women,CHN,SUN 25 JUL 2021,Olympic Games,qual,"Tokyo, Japan",VT,(50),4.800,8.800,NA,13.600
Yufei,LU,Women,CHN,SUN 25 JUL 2021,Olympic Games,qual,"Tokyo, Japan",UE,(7),6.200,8.500,NA,14.700
Yufei,LU,Women,CHN,SUN 25 JUL 2021,Olympic Games,qual,"Tokyo, Japan",BB,(5),6.000,8.100,NA,14.100
Yufei,LU,Women,CHN,SUN 25 JUL 2021,Olympic Games,qual,"Tokyo, Japan",FX,(48),5.000,7.766,-0.1,12.666
Jin,ZHANG,Women,CHN,SUN 25 JUL 2021,Olympic Games,qual,"Tokyo, Japan",VT,(23),5.600,8.833,NA,14.433
Jin,ZHANG,Women,CHN,SUN 25 JUL 2021,Olympic Games,qual,"Tokyo, Japan",UE,(42),5.000,8.100,NA,13.100
Jin,ZHANG,Women,CHN,SUN 25 JUL 2021,Olympic Games,qual,"Tokyo, Japan",BB,(10),6.000,7.966,NA,13.966
Jin,ZHANG,Women,CHN,SUN 25 JUL 2021,Olympic Games,qual,"Tokyo, Japan",FX,(17),5.300,8.133,NA,13.433
Zsofia,KOVACS,Women,HUN,SUN 25 JUL 2021,Olympic Games,qual,"Tokyo, Japan",VT,(16),5.400,9.100,NA,14.500
Zsofia,KOVACS,Women,HUN,SUN 25 JUL 2021,Olympic Games,qual,"Tokyo, Japan",UE,(14),6.300,8.133,NA,14.433
Zsofia,KOVACS,Women,HUN,SUN 25 JUL 2021,Olympic Games,qual,"Tokyo, Japan",BB,(29),5.300,7.833,NA,13.133
Zsofia,KOVACS,Women,HUN,SUN 25 JUL 2021,Olympic Games,qual,"Tokyo, Japan",FX,(48),5.000,7.766,-0.1,12.666
Jennifer,GADIROVA,Women,GBR,SUN 25 JUL 2021,Olympic Games,qual,"Tokyo, Japan",VT,(13),5.400,9.133,NA,14.533
Jennifer,GADIROVA,Women,GBR,SUN 25 JUL 2021,Olympic Games,qual,"Tokyo, Japan",UE,(43),5.000,8.066,NA,13.066
Jennifer,GADIROVA,Women,GBR,SUN 25 JUL 2021,Olympic Games,qual,"Tokyo, Japan",BB,(24),5.200,8.100,NA,13.300
Jennifer,GADIROVA,Women,GBR,SUN 25 JUL 2021,Olympic Games,qual,"Tokyo, Japan",FX,(9),5.400,8.400,NA,13.800
Carolann,HEDUIT,Women,FRA,SUN 25 JUL 2021,Olympic Games,qual,"Tokyo, Japan",VT,(31),5.400,8.933,-0.1,14.233
Carolann,HEDUIT,Women,FRA,SUN 25 JUL 2021,Olympic Games,qual,"Tokyo, Japan",UE,(25),5.900,8.066,NA,13.966
Carolann,HEDUIT,Women,FRA,SUN 25 JUL 2021,Olympic Games,qual,"Tokyo, Japan",BB,(28),5.200,8.000,NA,13.200
Carolann,HEDUIT,Women,FRA,SUN 25 JUL 2021,Olympic Games,qual,"Tokyo, Japan",FX,(34),5.200,7.700,NA,12.900
Elisabeth,SEITZ,Women,GER,SUN 25 JUL 2021,Olympic Games,qual,"Tokyo, Japan",VT,(30),5.400,8.866,NA,14.266
Elisabeth,SEITZ,Women,GER,SUN 25 JUL 2021,Olympic Games,qual,"Tokyo, Japan",UE,(7),6.200,8.500,NA,14.700
Elisabeth,SEITZ,Women,GER,SUN 25 JUL 2021,Olympic Games,qual,"Tokyo, Japan",BB,(56),4.300,8.033,NA,12.333
Elisabeth,SEITZ,Women,GER,SUN 25 JUL 2021,Olympic Games,qual,"Tokyo, Japan",FX,(31),4.800,8.133,NA,12.933
Alice,D'AMATO,Women,ITA,SUN 25 JUL 2021,Olympic Games,qual,"Tokyo, Japan",VT,(24),5.400,8.933,NA,14.333
Alice,D'AMATO,Women,ITA,SUN 25 JUL 2021,Olympic Games,qual,"Tokyo, Japan",UE,(18),5.900,8.333,NA,14.233
Alice,D'AMATO,Women,ITA,SUN 25 JUL 2021,Olympic Games,qual,"Tokyo, Japan",BB,(48),5.300,7.300,NA,12.600
Alice,D'AMATO,Women,ITA,SUN 25 JUL 2021,Olympic Games,qual,"Tokyo, Japan",FX,(28),5.000,8.033,NA,13.033
Roxana,POPA,Women,ESP,SUN 25 JUL 2021,Olympic Games,qual,"Tokyo, Japan",VT,(26),5.400,8.900,NA,14.300
Roxana,POPA,Women,ESP,SUN 25 JUL 2021,Olympic Games,qual,"Tokyo, Japan",UE,(15),6.200,8.200,NA,14.400
Roxana,POPA,Women,ESP,SUN 25 JUL 2021,Olympic Games,qual,"Tokyo, Japan",BB,(40),5.300,7.566,NA,12.866
Roxana,POPA,Women,ESP,SUN 25 JUL 2021,Olympic Games,qual,"Tokyo, Japan",FX,(55),5.200,7.433,-0.1,12.533
Brooklyn,MOORS,Women,CAN,SUN 25 JUL 2021,Olympic Games,qual,"Tokyo, Japan",VT,(37),5.400,8.733,NA,14.133
Brooklyn,MOORS,Women,CAN,SUN 25 JUL 2021,Olympic Games,qual,"Tokyo, Japan",UE,(46),5.000,8.000,NA,13.000
Brooklyn,MOORS,Women,CAN,SUN 25 JUL 2021,Olympic Games,qual,"Tokyo, Japan",BB,(25),5.400,7.900,NA,13.300
Brooklyn,MOORS,Women,CAN,SUN 25 JUL 2021,Olympic Games,qual,"Tokyo, Japan",FX,(15),5.100,8.433,NA,13.533
Mai,MURAKAMI,Women,JPN,SUN 25 JUL 2021,Olympic Games,qual,"Tokyo, Japan",VT,(21),5.400,9.033,NA,14.433
Mai,MURAKAMI,Women,JPN,SUN 25 JUL 2021,Olympic Games,qual,"Tokyo, Japan",UE,(64),5.400,6.733,NA,12.133
Mai,MURAKAMI,Women,JPN,SUN 25 JUL 2021,Olympic Games,qual,"Tokyo, Japan",BB,(21),5.700,7.766,NA,13.466
Mai,MURAKAMI,Women,JPN,SUN 25 JUL 2021,Olympic Games,qual,"Tokyo, Japan",FX,(8),5.800,8.133,NA,13.933
Elsabeth,BLACK,Women,CAN,SUN 25 JUL 2021,Olympic Games,qual,"Tokyo, Japan",VT,(13),5.400,9.133,NA,14.533
Elsabeth,BLACK,Women,CAN,SUN 25 JUL 2021,Olympic Games,qual,"Tokyo, Japan",UE,(54),5.700,7.100,NA,12.800
Elsabeth,BLACK,Women,CAN,SUN 25 JUL 2021,Olympic Games,qual,"Tokyo, Japan",BB,(6),6.300,7.800,NA,14.100
Elsabeth,BLACK,Women,CAN,SUN 25 JUL 2021,Olympic Games,qual,"Tokyo, Japan",FX,(63),5.300,6.966,NA,12.266
Aline,FRIESS,Women,FRA,SUN 25 JUL 2021,Olympic Games,qual,"Tokyo, Japan",VT,(5),5.800,9.166,NA,14.966
Aline,FRIESS,Women,FRA,SUN 25 JUL 2021,Olympic Games,qual,"Tokyo, Japan",UE,(31),5.800,7.866,NA,13.666
Aline,FRIESS,Women,FRA,SUN 25 JUL 2021,Olympic Games,qual,"Tokyo, Japan",BB,(51),4.700,7.800,NA,12.500
Aline,FRIESS,Women,FRA,SUN 25 JUL 2021,Olympic Games,qual,"Tokyo, Japan",FX,(56),4.800,8.000,-0.3,12.500
Jutta,VERKEST,Women,BEL,SUN 25 JUL 2021,Olympic Games,qual,"Tokyo, Japan",VT,(61),4.600,8.800,NA,13.400
Jutta,VERKEST,Women,BEL,SUN 25 JUL 2021,Olympic Games,qual,"Tokyo, Japan",UE,(33),5.600,8.033,NA,13.633
Jutta,VERKEST,Women,BEL,SUN 25 JUL 2021,Olympic Games,qual,"Tokyo, Japan",BB,(19),5.500,8.166,NA,13.666
Jutta,VERKEST,Women,BEL,SUN 25 JUL 2021,Olympic Games,qual,"Tokyo, Japan",FX,(31),4.800,8.133,NA,12.933
Martina,MAGGIO,Women,ITA,SUN 25 JUL 2021,Olympic Games,qual,"Tokyo, Japan",VT,(38),5.000,9.100,NA,14.100
Martina,MAGGIO,Women,ITA,SUN 25 JUL 2021,Olympic Games,qual,"Tokyo, Japan",UE,(30),5.900,7.800,NA,13.700
Martina,MAGGIO,Women,ITA,SUN 25 JUL 2021,Olympic Games,qual,"Tokyo, Japan",BB,(31),5.000,8.066,NA,13.066
Martina,MAGGIO,Women,ITA,SUN 25 JUL 2021,Olympic Games,qual,"Tokyo, Japan",FX,(45),4.900,7.800,NA,12.700
Liliia,AKHAIMOVA,Women,ROC,SUN 25 JUL 2021,Olympic Games,qual,"Tokyo, Japan",VT,(10),5.800,8.966,NA,14.766
Liliia,AKHAIMOVA,Women,ROC,SUN 25 JUL 2021,Olympic Games,qual,"Tokyo, Japan",UE,(49),5.400,7.500,NA,12.900
Liliia,AKHAIMOVA,Women,ROC,SUN 25 JUL 2021,Olympic Games,qual,"Tokyo, Japan",BB,(59),5.100,7.166,NA,12.266
Liliia,AKHAIMOVA,Women,ROC,SUN 25 JUL 2021,Olympic Games,qual,"Tokyo, Japan",FX,(11),5.800,7.833,NA,13.633
Yunseo,LEE,Women,KOR,SUN 25 JUL 2021,Olympic Games,qual,"Tokyo, Japan",VT,(61),4.600,8.800,NA,13.400
Yunseo,LEE,Women,KOR,SUN 25 JUL 2021,Olympic Games,qual,"Tokyo, Japan",UE,(16),6.300,8.033,NA,14.333
Yunseo,LEE,Women,KOR,SUN 25 JUL 2021,Olympic Games,qual,"Tokyo, Japan",BB,(42),5.500,7.341,NA,12.841
Yunseo,LEE,Women,KOR,SUN 25 JUL 2021,Olympic Games,qual,"Tokyo, Japan",FX,(30),5.200,7.766,NA,12.966
Giulia,STEINGRUBER,Women,SUI,SUN 25 JUL 2021,Olympic Games,qual,"Tokyo, Japan",VT,(8),5.800,9.033,NA,14.833
Giulia,STEINGRUBER,Women,SUI,SUN 25 JUL 2021,Olympic Games,qual,"Tokyo, Japan",UE,(53),5.000,7.800,NA,12.800
Giulia,STEINGRUBER,Women,SUI,SUN 25 JUL 2021,Olympic Games,qual,"Tokyo, Japan",BB,(47),5.200,7.400,NA,12.600
Giulia,STEINGRUBER,Women,SUI,SUN 25 JUL 2021,Olympic Games,qual,"Tokyo, Japan",FX,(23),5.400,7.900,NA,13.300
Kim,BUI,Women,GER,SUN 25 JUL 2021,Olympic Games,qual,"Tokyo, Japan",VT,(54),4.600,8.866,NA,13.466
Kim,BUI,Women,GER,SUN 25 JUL 2021,Olympic Games,qual,"Tokyo, Japan",UE,(24),5.900,8.166,NA,14.066
Kim,BUI,Women,GER,SUN 25 JUL 2021,Olympic Games,qual,"Tokyo, Japan",BB,(44),4.800,7.866,NA,12.666
Kim,BUI,Women,GER,SUN 25 JUL 2021,Olympic Games,qual,"Tokyo, Japan",FX,(24),5.300,7.900,NA,13.200
Lieke,WEVERS,Women,NED,SUN 25 JUL 2021,Olympic Games,qual,"Tokyo, Japan",VT,(49),4.600,9.000,NA,13.600
Lieke,WEVERS,Women,NED,SUN 25 JUL 2021,Olympic Games,qual,"Tokyo, Japan",UE,(34),5.400,8.133,NA,13.533
Lieke,WEVERS,Women,NED,SUN 25 JUL 2021,Olympic Games,qual,"Tokyo, Japan",BB,(23),5.400,7.966,NA,13.366
Lieke,WEVERS,Women,NED,SUN 25 JUL 2021,Olympic Games,qual,"Tokyo, Japan",FX,(35),4.700,8.166,NA,12.866
Amelie,MORGAN,Women,GBR,SUN 25 JUL 2021,Olympic Games,qual,"Tokyo, Japan",VT,(43),4.600,9.258,NA,13.858
Amelie,MORGAN,Women,GBR,SUN 25 JUL 2021,Olympic Games,qual,"Tokyo, Japan",UE,(28),5.800,8.033,NA,13.833
Amelie,MORGAN,Women,GBR,SUN 25 JUL 2021,Olympic Games,qual,"Tokyo, Japan",BB,(34),5.500,7.533,NA,13.033
Amelie,MORGAN,Women,GBR,SUN 25 JUL 2021,Olympic Games,qual,"Tokyo, Japan",FX,(57),4.500,7.966,NA,12.466
Asia,D'AMATO,Women,ITA,SUN 25 JUL 2021,Olympic Games,qual,"Tokyo, Japan",VT,(32),5.400,8.833,NA,14.233
Asia,D'AMATO,Women,ITA,SUN 25 JUL 2021,Olympic Games,qual,"Tokyo, Japan",UE,(26),5.700,8.233,NA,13.933
Asia,D'AMATO,Women,ITA,SUN 25 JUL 2021,Olympic Games,qual,"Tokyo, Japan",BB,(29),5.300,7.833,NA,13.133
Asia,D'AMATO,Women,ITA,SUN 25 JUL 2021,Olympic Games,qual,"Tokyo, Japan",FX,(76),5.100,7.033,-0.3,11.833
Maellyse,BRASSART,Women,BEL,SUN 25 JUL 2021,Olympic Games,qual,"Tokyo, Japan",VT,(45),5.400,8.466,-0.1,13.766
Maellyse,BRASSART,Women,BEL,SUN 25 JUL 2021,Olympic Games,qual,"Tokyo, Japan",UE,(36),5.300,8.066,NA,13.366
Maellyse,BRASSART,Women,BEL,SUN 25 JUL 2021,Olympic Games,qual,"Tokyo, Japan",BB,(33),4.900,8.133,NA,13.033
Maellyse,BRASSART,Women,BEL,SUN 25 JUL 2021,Olympic Games,qual,"Tokyo, Japan",FX,(39),4.600,8.166,NA,12.766
Eythora,THORSDOTTIR,Women,NED,SUN 25 JUL 2021,Olympic Games,qual,"Tokyo, Japan",VT,(21),5.400,9.033,NA,14.433
Eythora,THORSDOTTIR,Women,NED,SUN 25 JUL 2021,Olympic Games,qual,"Tokyo, Japan",UE,(47),5.500,7.500,NA,13.000
Eythora,THORSDOTTIR,Women,NED,SUN 25 JUL 2021,Olympic Games,qual,"Tokyo, Japan",BB,(57),5.000,7.333,NA,12.333
Eythora,THORSDOTTIR,Women,NED,SUN 25 JUL 2021,Olympic Games,qual,"Tokyo, Japan",FX,(27),5.000,8.133,NA,13.133
Georgia,GODWIN,Women,AUS,SUN 25 JUL 2021,Olympic Games,qual,"Tokyo, Japan",VT,(44),4.800,8.966,NA,13.766
Georgia,GODWIN,Women,AUS,SUN 25 JUL 2021,Olympic Games,qual,"Tokyo, Japan",UE,(45),5.400,7.633,NA,13.033
Georgia,GODWIN,Women,AUS,SUN 25 JUL 2021,Olympic Games,qual,"Tokyo, Japan",BB,(38),5.500,7.400,NA,12.900
Georgia,GODWIN,Women,AUS,SUN 25 JUL 2021,Olympic Games,qual,"Tokyo, Japan",FX,(26),5.600,7.566,NA,13.166
Elena,GERASIMOVA,Women,ROC,SUN 25 JUL 2021,Olympic Games,qual,"Tokyo, Japan",VT,(54),4.600,8.866,NA,13.466
Elena,GERASIMOVA,Women,ROC,SUN 25 JUL 2021,Olympic Games,qual,"Tokyo, Japan",UE,(40),5.800,7.433,NA,13.233
Elena,GERASIMOVA,Women,ROC,SUN 25 JUL 2021,Olympic Games,qual,"Tokyo, Japan",BB,(16),5.700,8.066,NA,13.766
Elena,GERASIMOVA,Women,ROC,SUN 25 JUL 2021,Olympic Games,qual,"Tokyo, Japan",FX,(60),5.300,7.033,NA,12.333
Hitomi,HATAKEDA,Women,JPN,SUN 25 JUL 2021,Olympic Games,qual,"Tokyo, Japan",VT,(83),5.000,7.566,-0.3,12.266
Hitomi,HATAKEDA,Women,JPN,SUN 25 JUL 2021,Olympic Games,qual,"Tokyo, Japan",UE,(21),6.100,8.033,NA,14.133
Hitomi,HATAKEDA,Women,JPN,SUN 25 JUL 2021,Olympic Games,qual,"Tokyo, Japan",BB,(35),5.200,7.800,NA,13.000
Hitomi,HATAKEDA,Women,JPN,SUN 25 JUL 2021,Olympic Games,qual,"Tokyo, Japan",FX,(22),5.400,7.933,NA,13.333
Jordan,CHILES,Women,USA,SUN 25 JUL 2021,Olympic Games,qual,"Tokyo, Japan",VT,(11),5.400,9.300,NA,14.700
Jordan,CHILES,Women,USA,SUN 25 JUL 2021,Olympic Games,qual,"Tokyo, Japan",UE,(52),5.700,7.166,NA,12.866
Jordan,CHILES,Women,USA,SUN 25 JUL 2021,Olympic Games,qual,"Tokyo, Japan",BB,(78),5.600,5.966,NA,11.566
Jordan,CHILES,Women,USA,SUN 25 JUL 2021,Olympic Games,qual,"Tokyo, Japan",FX,(13),5.900,7.666,NA,13.566
Aiko,SUGIHARA,Women,JPN,SUN 25 JUL 2021,Olympic Games,qual,"Tokyo, Japan",VT,(29),5.000,9.266,NA,14.266
Aiko,SUGIHARA,Women,JPN,SUN 25 JUL 2021,Olympic Games,qual,"Tokyo, Japan",UE,(36),5.300,8.066,NA,13.366
Aiko,SUGIHARA,Women,JPN,SUN 25 JUL 2021,Olympic Games,qual,"Tokyo, Japan",BB,(77),5.500,6.066,NA,11.566
Aiko,SUGIHARA,Women,JPN,SUN 25 JUL 2021,Olympic Games,qual,"Tokyo, Japan",FX,(21),5.300,8.033,NA,13.333
Lisa,VAELEN,Women,BEL,SUN 25 JUL 2021,Olympic Games,qual,"Tokyo, Japan",VT,(75),4.200,8.800,NA,13.000
Lisa,VAELEN,Women,BEL,SUN 25 JUL 2021,Olympic Games,qual,"Tokyo, Japan",UE,(23),5.900,8.200,NA,14.100
Lisa,VAELEN,Women,BEL,SUN 25 JUL 2021,Olympic Games,qual,"Tokyo, Japan",BB,(52),5.100,7.400,NA,12.500
Lisa,VAELEN,Women,BEL,SUN 25 JUL 2021,Olympic Games,qual,"Tokyo, Japan",FX,(40),4.700,8.066,NA,12.766
Filipa,MARTINS,Women,POR,SUN 25 JUL 2021,Olympic Games,qual,"Tokyo, Japan",VT,(54),4.600,8.866,NA,13.466
Filipa,MARTINS,Women,POR,SUN 25 JUL 2021,Olympic Games,qual,"Tokyo, Japan",UE,(17),6.000,8.300,NA,14.300
Filipa,MARTINS,Women,POR,SUN 25 JUL 2021,Olympic Games,qual,"Tokyo, Japan",BB,(69),5.100,6.866,-0.1,11.866
Filipa,MARTINS,Women,POR,SUN 25 JUL 2021,Olympic Games,qual,"Tokyo, Japan",FX,(46),4.700,7.966,NA,12.666
Emily,WHITEHEAD,Women,AUS,SUN 25 JUL 2021,Olympic Games,qual,"Tokyo, Japan",VT,(40),5.000,9.000,NA,14.000
Emily,WHITEHEAD,Women,AUS,SUN 25 JUL 2021,Olympic Games,qual,"Tokyo, Japan",UE,(43),5.000,8.066,NA,13.066
Emily,WHITEHEAD,Women,AUS,SUN 25 JUL 2021,Olympic Games,qual,"Tokyo, Japan",BB,(45),5.000,7.666,NA,12.666
Emily,WHITEHEAD,Women,AUS,SUN 25 JUL 2021,Olympic Games,qual,"Tokyo, Japan",FX,(52),4.800,7.766,NA,12.566
Sarah,VOSS,Women,GER,SUN 25 JUL 2021,Olympic Games,qual,"Tokyo, Japan",VT,(53),5.400,8.400,-0.3,13.500
Sarah,VOSS,Women,GER,SUN 25 JUL 2021,Olympic Games,qual,"Tokyo, Japan",UE,(27),5.500,8.366,NA,13.866
Sarah,VOSS,Women,GER,SUN 25 JUL 2021,Olympic Games,qual,"Tokyo, Japan",BB,(59),5.100,7.166,NA,12.266
Sarah,VOSS,Women,GER,SUN 25 JUL 2021,Olympic Games,qual,"Tokyo, Japan",FX,(50),4.700,7.900,NA,12.600
Shallon,OLSEN,Women,CAN,SUN 25 JUL 2021,Olympic Games,qual,"Tokyo, Japan",VT,(6),6.000,8.966,NA,14.966
Shallon,OLSEN,Women,CAN,SUN 25 JUL 2021,Olympic Games,qual,"Tokyo, Japan",UE,(68),4.500,7.400,NA,11.900
Shallon,OLSEN,Women,CAN,SUN 25 JUL 2021,Olympic Games,qual,"Tokyo, Japan",BB,(66),5.300,6.766,NA,12.066
Shallon,OLSEN,Women,CAN,SUN 25 JUL 2021,Olympic Games,qual,"Tokyo, Japan",FX,(29),5.400,7.633,NA,13.033
POL,van,Women,NED,SUN 25 JUL 2021,Olympic Games,qual,"Tokyo, Japan",VT,(38),5.000,9.100,NA,14.100
POL,van,Women,NED,SUN 25 JUL 2021,Olympic Games,qual,"Tokyo, Japan",UE,(41),5.300,7.833,NA,13.133
POL,van,Women,NED,SUN 25 JUL 2021,Olympic Games,qual,"Tokyo, Japan",BB,(75),4.700,6.900,NA,11.600
POL,van,Women,NED,SUN 25 JUL 2021,Olympic Games,qual,"Tokyo, Japan",FX,(33),4.900,8.000,NA,12.900
Alice,KINSELLA,Women,GBR,SUN 25 JUL 2021,Olympic Games,qual,"Tokyo, Japan",VT,(35),5.400,8.766,NA,14.166
Alice,KINSELLA,Women,GBR,SUN 25 JUL 2021,Olympic Games,qual,"Tokyo, Japan",UE,(57),5.500,7.133,NA,12.633
Alice,KINSELLA,Women,GBR,SUN 25 JUL 2021,Olympic Games,qual,"Tokyo, Japan",BB,(63),5.500,6.600,NA,12.100
Alice,KINSELLA,Women,GBR,SUN 25 JUL 2021,Olympic Games,qual,"Tokyo, Japan",FX,(41),5.400,7.666,-0.3,12.766
Yuna,HIRAIWA,Women,JPN,SUN 25 JUL 2021,Olympic Games,qual,"Tokyo, Japan",VT,(47),5.000,8.733,NA,13.733
Yuna,HIRAIWA,Women,JPN,SUN 25 JUL 2021,Olympic Games,qual,"Tokyo, Japan",UE,(71),5.200,6.500,NA,11.700
Yuna,HIRAIWA,Women,JPN,SUN 25 JUL 2021,Olympic Games,qual,"Tokyo, Japan",BB,(20),5.600,7.933,NA,13.533
Yuna,HIRAIWA,Women,JPN,SUN 25 JUL 2021,Olympic Games,qual,"Tokyo, Japan",FX,(47),5.200,7.766,-0.3,12.666
Pauline,SCHAEFER-BETZ,Women,GER,SUN 25 JUL 2021,Olympic Games,qual,"Tokyo, Japan",VT,(41),5.000,8.933,NA,13.933
Pauline,SCHAEFER-BETZ,Women,GER,SUN 25 JUL 2021,Olympic Games,qual,"Tokyo, Japan",UE,(66),4.900,7.033,NA,11.933
Pauline,SCHAEFER-BETZ,Women,GER,SUN 25 JUL 2021,Olympic Games,qual,"Tokyo, Japan",BB,(36),5.200,7.766,NA,12.966
Pauline,SCHAEFER-BETZ,Women,GER,SUN 25 JUL 2021,Olympic Games,qual,"Tokyo, Japan",FX,(42),4.600,8.133,NA,12.733
Luciana,ALVARADO,Women,CRC,SUN 25 JUL 2021,Olympic Games,qual,"Tokyo, Japan",VT,(59),4.600,8.833,NA,13.433
Luciana,ALVARADO,Women,CRC,SUN 25 JUL 2021,Olympic Games,qual,"Tokyo, Japan",UE,(55),4.900,7.841,NA,12.741
Luciana,ALVARADO,Women,CRC,SUN 25 JUL 2021,Olympic Games,qual,"Tokyo, Japan",BB,(37),5.300,7.666,NA,12.966
Luciana,ALVARADO,Women,CRC,SUN 25 JUL 2021,Olympic Games,qual,"Tokyo, Japan",FX,(66),4.700,7.466,NA,12.166
Barbora,MOKOSOVA,Women,SVK,SUN 25 JUL 2021,Olympic Games,qual,"Tokyo, Japan",VT,(65),4.600,8.733,NA,13.333
Barbora,MOKOSOVA,Women,SVK,SUN 25 JUL 2021,Olympic Games,qual,"Tokyo, Japan",UE,(38),5.700,7.633,NA,13.333
Barbora,MOKOSOVA,Women,SVK,SUN 25 JUL 2021,Olympic Games,qual,"Tokyo, Japan",BB,(72),4.100,7.600,NA,11.700
Barbora,MOKOSOVA,Women,SVK,SUN 25 JUL 2021,Olympic Games,qual,"Tokyo, Japan",FX,(37),4.800,8.033,NA,12.833
Laura,BECHDEJU,Women,ESP,SUN 25 JUL 2021,Olympic Games,qual,"Tokyo, Japan",VT,(52),4.600,8.933,NA,13.533
Laura,BECHDEJU,Women,ESP,SUN 25 JUL 2021,Olympic Games,qual,"Tokyo, Japan",UE,(56),5.300,7.400,NA,12.700
Laura,BECHDEJU,Women,ESP,SUN 25 JUL 2021,Olympic Games,qual,"Tokyo, Japan",BB,(45),5.000,7.666,NA,12.666
Laura,BECHDEJU,Women,ESP,SUN 25 JUL 2021,Olympic Games,qual,"Tokyo, Japan",FX,(62),4.800,7.500,NA,12.300
Gabriela,SASNAL,Women,POL,SUN 25 JUL 2021,Olympic Games,qual,"Tokyo, Japan",VT,(50),4.800,8.800,NA,13.600
Gabriela,SASNAL,Women,POL,SUN 25 JUL 2021,Olympic Games,qual,"Tokyo, Japan",UE,(48),5.200,7.766,NA,12.966
Gabriela,SASNAL,Women,POL,SUN 25 JUL 2021,Olympic Games,qual,"Tokyo, Japan",BB,(54),4.600,7.833,NA,12.433
Gabriela,SASNAL,Women,POL,SUN 25 JUL 2021,Olympic Games,qual,"Tokyo, Japan",FX,(73),4.300,7.633,NA,11.933
Alexa,MORENO,Women,MEX,SUN 25 JUL 2021,Olympic Games,qual,"Tokyo, Japan",VT,(8),5.800,9.033,NA,14.833
Alexa,MORENO,Women,MEX,SUN 25 JUL 2021,Olympic Games,qual,"Tokyo, Japan",UE,(59),5.200,7.366,NA,12.566
Alexa,MORENO,Women,MEX,SUN 25 JUL 2021,Olympic Games,qual,"Tokyo, Japan",BB,(83),5.200,5.966,-0.1,11.066
Alexa,MORENO,Women,MEX,SUN 25 JUL 2021,Olympic Games,qual,"Tokyo, Japan",FX,(60),5.300,7.033,NA,12.333
Seojeong,YEO,Women,KOR,SUN 25 JUL 2021,Olympic Games,qual,"Tokyo, Japan",VT,(3),5.800,9.200,NA,15.000
Seojeong,YEO,Women,KOR,SUN 25 JUL 2021,Olympic Games,qual,"Tokyo, Japan",UE,(61),5.000,7.500,NA,12.500
Seojeong,YEO,Women,KOR,SUN 25 JUL 2021,Olympic Games,qual,"Tokyo, Japan",BB,(87),5.400,5.183,NA,10.583
Seojeong,YEO,Women,KOR,SUN 25 JUL 2021,Olympic Games,qual,"Tokyo, Japan",FX,(54),5.300,7.266,NA,12.566
Alba,PETISCO,Women,ESP,SUN 25 JUL 2021,Olympic Games,qual,"Tokyo, Japan",VT,(54),4.600,8.866,NA,13.466
Alba,PETISCO,Women,ESP,SUN 25 JUL 2021,Olympic Games,qual,"Tokyo, Japan",UE,(51),4.900,7.966,NA,12.866
Alba,PETISCO,Women,ESP,SUN 25 JUL 2021,Olympic Games,qual,"Tokyo, Japan",BB,(73),5.000,6.700,NA,11.700
Alba,PETISCO,Women,ESP,SUN 25 JUL 2021,Olympic Games,qual,"Tokyo, Japan",FX,(53),5.100,7.466,NA,12.566
Ava,STEWART,Women,CAN,SUN 25 JUL 2021,Olympic Games,qual,"Tokyo, Japan",VT,(76),5.000,7.933,NA,12.933
Ava,STEWART,Women,CAN,SUN 25 JUL 2021,Olympic Games,qual,"Tokyo, Japan",UE,(50),5.900,7.000,NA,12.900
Ava,STEWART,Women,CAN,SUN 25 JUL 2021,Olympic Games,qual,"Tokyo, Japan",BB,(67),5.800,6.200,NA,12.000
Ava,STEWART,Women,CAN,SUN 25 JUL 2021,Olympic Games,qual,"Tokyo, Japan",FX,(51),4.900,7.700,NA,12.600
Lihie,RAZ,Women,ISR,SUN 25 JUL 2021,Olympic Games,qual,"Tokyo, Japan",VT,(32),5.400,8.833,NA,14.233
Lihie,RAZ,Women,ISR,SUN 25 JUL 2021,Olympic Games,qual,"Tokyo, Japan",UE,(70),4.700,7.000,NA,11.700
Lihie,RAZ,Women,ISR,SUN 25 JUL 2021,Olympic Games,qual,"Tokyo, Japan",BB,(64),5.000,7.066,NA,12.066
Lihie,RAZ,Women,ISR,SUN 25 JUL 2021,Olympic Games,qual,"Tokyo, Japan",FX,(59),4.700,7.700,NA,12.400
Marine,BOYER,Women,FRA,SUN 25 JUL 2021,Olympic Games,qual,"Tokyo, Japan",VT,(46),4.600,9.133,NA,13.733
Marine,BOYER,Women,FRA,SUN 25 JUL 2021,Olympic Games,qual,"Tokyo, Japan",UE,(84),4.300,6.100,NA,10.400
Marine,BOYER,Women,FRA,SUN 25 JUL 2021,Olympic Games,qual,"Tokyo, Japan",BB,(22),5.800,7.666,NA,13.466
Marine,BOYER,Women,FRA,SUN 25 JUL 2021,Olympic Games,qual,"Tokyo, Japan",FX,(44),5.100,7.733,-0.1,12.733
Caitlin,ROOSKRANTZ,Women,RSA,SUN 25 JUL 2021,Olympic Games,qual,"Tokyo, Japan",VT,(78),4.600,8.500,-0.3,12.800
Caitlin,ROOSKRANTZ,Women,RSA,SUN 25 JUL 2021,Olympic Games,qual,"Tokyo, Japan",UE,(39),5.500,7.800,NA,13.300
Caitlin,ROOSKRANTZ,Women,RSA,SUN 25 JUL 2021,Olympic Games,qual,"Tokyo, Japan",BB,(61),4.900,7.300,NA,12.200
Caitlin,ROOSKRANTZ,Women,RSA,SUN 25 JUL 2021,Olympic Games,qual,"Tokyo, Japan",FX,(79),4.600,7.133,-0.1,11.633
Diana,VARINSKA,Women,UKR,SUN 25 JUL 2021,Olympic Games,qual,"Tokyo, Japan",VT,(79),4.000,8.633,NA,12.633
Diana,VARINSKA,Women,UKR,SUN 25 JUL 2021,Olympic Games,qual,"Tokyo, Japan",UE,(72),4.700,6.933,NA,11.633
Diana,VARINSKA,Women,UKR,SUN 25 JUL 2021,Olympic Games,qual,"Tokyo, Japan",BB,(49),5.200,7.366,NA,12.566
Diana,VARINSKA,Women,UKR,SUN 25 JUL 2021,Olympic Games,qual,"Tokyo, Japan",FX,(43),4.800,7.933,NA,12.733
Marina,GONZALEZ,Women,ESP,SUN 25 JUL 2021,Olympic Games,qual,"Tokyo, Japan",VT,(67),4.600,8.633,NA,13.233
Marina,GONZALEZ,Women,ESP,SUN 25 JUL 2021,Olympic Games,qual,"Tokyo, Japan",UE,(81),4.300,6.733,NA,11.033
Marina,GONZALEZ,Women,ESP,SUN 25 JUL 2021,Olympic Games,qual,"Tokyo, Japan",BB,(55),5.200,7.166,NA,12.366
Marina,GONZALEZ,Women,ESP,SUN 25 JUL 2021,Olympic Games,qual,"Tokyo, Japan",FX,(36),5.100,7.766,NA,12.866
Zeina,SHARAF,Women,EGY,SUN 25 JUL 2021,Olympic Games,qual,"Tokyo, Japan",VT,(69),4.600,8.600,NA,13.200
Zeina,SHARAF,Women,EGY,SUN 25 JUL 2021,Olympic Games,qual,"Tokyo, Japan",UE,(60),4.800,7.700,NA,12.500
Zeina,SHARAF,Women,EGY,SUN 25 JUL 2021,Olympic Games,qual,"Tokyo, Japan",BB,(70),5.400,6.466,NA,11.866
Zeina,SHARAF,Women,EGY,SUN 25 JUL 2021,Olympic Games,qual,"Tokyo, Japan",FX,(78),4.200,7.500,NA,11.700
Maria,HOLBURA,Women,ROU,SUN 25 JUL 2021,Olympic Games,qual,"Tokyo, Japan",VT,(72),4.600,8.566,NA,13.166
Maria,HOLBURA,Women,ROU,SUN 25 JUL 2021,Olympic Games,qual,"Tokyo, Japan",UE,(80),4.900,6.200,NA,11.100
Maria,HOLBURA,Women,ROU,SUN 25 JUL 2021,Olympic Games,qual,"Tokyo, Japan",BB,(43),5.400,7.300,NA,12.700
Maria,HOLBURA,Women,ROU,SUN 25 JUL 2021,Olympic Games,qual,"Tokyo, Japan",FX,(65),4.900,7.300,NA,12.200
Elisa,HAEMMERLE,Women,AUT,SUN 25 JUL 2021,Olympic Games,qual,"Tokyo, Japan",VT,(82),4.100,8.433,NA,12.533
Elisa,HAEMMERLE,Women,AUT,SUN 25 JUL 2021,Olympic Games,qual,"Tokyo, Japan",UE,(58),4.700,7.900,NA,12.600
Elisa,HAEMMERLE,Women,AUT,SUN 25 JUL 2021,Olympic Games,qual,"Tokyo, Japan",BB,(71),4.700,7.100,NA,11.800
Elisa,HAEMMERLE,Women,AUT,SUN 25 JUL 2021,Olympic Games,qual,"Tokyo, Japan",FX,(70),4.400,7.700,-0.1,12.000
Mandy,MOHAMED,Women,EGY,SUN 25 JUL 2021,Olympic Games,qual,"Tokyo, Japan",VT,(67),4.600,8.633,NA,13.233
Mandy,MOHAMED,Women,EGY,SUN 25 JUL 2021,Olympic Games,qual,"Tokyo, Japan",UE,(73),4.600,7.000,NA,11.600
Mandy,MOHAMED,Women,EGY,SUN 25 JUL 2021,Olympic Games,qual,"Tokyo, Japan",BB,(82),4.500,6.700,NA,11.200
Mandy,MOHAMED,Women,EGY,SUN 25 JUL 2021,Olympic Games,qual,"Tokyo, Japan",FX,(38),5.100,7.733,NA,12.833
HADI,ABDUL,Women,MAS,SUN 25 JUL 2021,Olympic Games,qual,"Tokyo, Japan",VT,(72),4.600,8.566,NA,13.166
HADI,ABDUL,Women,MAS,SUN 25 JUL 2021,Olympic Games,qual,"Tokyo, Japan",UE,(74),5.100,6.500,NA,11.600
HADI,ABDUL,Women,MAS,SUN 25 JUL 2021,Olympic Games,qual,"Tokyo, Japan",BB,(76),4.800,6.766,NA,11.566
HADI,ABDUL,Women,MAS,SUN 25 JUL 2021,Olympic Games,qual,"Tokyo, Japan",FX,(64),4.600,7.633,NA,12.233
Abigail,MAGISTRATI,Women,ARG,SUN 25 JUL 2021,Olympic Games,qual,"Tokyo, Japan",VT,(63),4.600,8.766,NA,13.366
Abigail,MAGISTRATI,Women,ARG,SUN 25 JUL 2021,Olympic Games,qual,"Tokyo, Japan",UE,(79),5.000,6.533,NA,11.533
Abigail,MAGISTRATI,Women,ARG,SUN 25 JUL 2021,Olympic Games,qual,"Tokyo, Japan",BB,(81),4.900,6.333,NA,11.233
Abigail,MAGISTRATI,Women,ARG,SUN 25 JUL 2021,Olympic Games,qual,"Tokyo, Japan",FX,(67),4.500,7.633,NA,12.133
Marina,NEKRASOVA,Women,AZE,SUN 25 JUL 2021,Olympic Games,qual,"Tokyo, Japan",VT,(74),5.800,7.333,NA,13.133
Marina,NEKRASOVA,Women,AZE,SUN 25 JUL 2021,Olympic Games,qual,"Tokyo, Japan",UE,(83),4.200,6.633,NA,10.833
Marina,NEKRASOVA,Women,AZE,SUN 25 JUL 2021,Olympic Games,qual,"Tokyo, Japan",BB,(58),4.800,7.466,NA,12.266
Marina,NEKRASOVA,Women,AZE,SUN 25 JUL 2021,Olympic Games,qual,"Tokyo, Japan",FX,(71),4.300,7.700,NA,12.000
Nazli,SAVRANBASI,Women,TUR,SUN 25 JUL 2021,Olympic Games,qual,"Tokyo, Japan",VT,(77),4.200,8.700,NA,12.900
Nazli,SAVRANBASI,Women,TUR,SUN 25 JUL 2021,Olympic Games,qual,"Tokyo, Japan",UE,(67),5.900,6.033,NA,11.933
Nazli,SAVRANBASI,Women,TUR,SUN 25 JUL 2021,Olympic Games,qual,"Tokyo, Japan",BB,(85),5.000,6.033,NA,11.033
Nazli,SAVRANBASI,Women,TUR,SUN 25 JUL 2021,Olympic Games,qual,"Tokyo, Japan",FX,(74),4.600,7.333,NA,11.933
Megan,RYAN,Women,IRL,SUN 25 JUL 2021,Olympic Games,qual,"Tokyo, Japan",VT,(69),4.600,8.600,NA,13.200
Megan,RYAN,Women,IRL,SUN 25 JUL 2021,Olympic Games,qual,"Tokyo, Japan",UE,(76),4.200,7.333,NA,11.533
Megan,RYAN,Women,IRL,SUN 25 JUL 2021,Olympic Games,qual,"Tokyo, Japan",BB,(88),5.000,5.466,NA,10.466
Megan,RYAN,Women,IRL,SUN 25 JUL 2021,Olympic Games,qual,"Tokyo, Japan",FX,(72),4.700,7.600,-0.3,12.000
Aneta,HOLASOVA,Women,CZE,SUN 25 JUL 2021,Olympic Games,qual,"Tokyo, Japan",VT,(81),4.000,8.566,NA,12.566
Aneta,HOLASOVA,Women,CZE,SUN 25 JUL 2021,Olympic Games,qual,"Tokyo, Japan",UE,(77),4.300,7.233,NA,11.533
Aneta,HOLASOVA,Women,CZE,SUN 25 JUL 2021,Olympic Games,qual,"Tokyo, Japan",BB,(68),4.400,7.533,NA,11.933
Aneta,HOLASOVA,Women,CZE,SUN 25 JUL 2021,Olympic Games,qual,"Tokyo, Japan",FX,(80),4.400,6.700,NA,11.100
Ariana,ORREGO,Women,PER,SUN 25 JUL 2021,Olympic Games,qual,"Tokyo, Japan",VT,(59),4.600,8.833,NA,13.433
Ariana,ORREGO,Women,PER,SUN 25 JUL 2021,Olympic Games,qual,"Tokyo, Japan",UE,(85),4.400,5.066,NA,9.466
Ariana,ORREGO,Women,PER,SUN 25 JUL 2021,Olympic Games,qual,"Tokyo, Japan",BB,(65),5.200,6.866,NA,12.066
Ariana,ORREGO,Women,PER,SUN 25 JUL 2021,Olympic Games,qual,"Tokyo, Japan",FX,(68),4.900,7.466,-0.3,12.066
Simona,CASTRO,Women,CHI,SUN 25 JUL 2021,Olympic Games,qual,"Tokyo, Japan",VT,(69),4.600,8.600,NA,13.200
Simona,CASTRO,Women,CHI,SUN 25 JUL 2021,Olympic Games,qual,"Tokyo, Japan",UE,(78),4.400,7.133,NA,11.533
Simona,CASTRO,Women,CHI,SUN 25 JUL 2021,Olympic Games,qual,"Tokyo, Japan",BB,(79),4.700,6.733,NA,11.433
Simona,CASTRO,Women,CHI,SUN 25 JUL 2021,Olympic Games,qual,"Tokyo, Japan",FX,(85),3.900,6.333,NA,10.233
Naveen,DARIES,Women,RSA,SUN 25 JUL 2021,Olympic Games,qual,"Tokyo, Japan",VT,(66),4.600,8.700,NA,13.300
Naveen,DARIES,Women,RSA,SUN 25 JUL 2021,Olympic Games,qual,"Tokyo, Japan",UE,(62),5.000,7.366,NA,12.366
Naveen,DARIES,Women,RSA,SUN 25 JUL 2021,Olympic Games,qual,"Tokyo, Japan",BB,(90),4.800,4.133,NA,8.933
Naveen,DARIES,Women,RSA,SUN 25 JUL 2021,Olympic Games,qual,"Tokyo, Japan",FX,(77),4.500,7.566,-0.3,11.766
Hanna,TRAUKOVA,Women,BLR,SUN 25 JUL 2021,Olympic Games,qual,"Tokyo, Japan",VT,(80),4.000,8.600,NA,12.600
Hanna,TRAUKOVA,Women,BLR,SUN 25 JUL 2021,Olympic Games,qual,"Tokyo, Japan",UE,(65),4.500,7.466,NA,11.966
Hanna,TRAUKOVA,Women,BLR,SUN 25 JUL 2021,Olympic Games,qual,"Tokyo, Japan",BB,(86),4.700,6.133,NA,10.833
Hanna,TRAUKOVA,Women,BLR,SUN 25 JUL 2021,Olympic Games,qual,"Tokyo, Japan",FX,(81),4.400,6.733,-0.3,10.833
BADALG.D.,ELPITIYA,Women,SRI,SUN 25 JUL 2021,Olympic Games,qual,"Tokyo, Japan",VT,(64),4.800,8.566,NA,13.366
BADALG.D.,ELPITIYA,Women,SRI,SUN 25 JUL 2021,Olympic Games,qual,"Tokyo, Japan",UE,(82),4.800,6.066,NA,10.866
BADALG.D.,ELPITIYA,Women,SRI,SUN 25 JUL 2021,Olympic Games,qual,"Tokyo, Japan",BB,(80),5.100,6.166,NA,11.266
BADALG.D.,ELPITIYA,Women,SRI,SUN 25 JUL 2021,Olympic Games,qual,"Tokyo, Japan",FX,(84),4.500,5.800,NA,10.300
Pranati,NAYAK,Women,IND,SUN 25 JUL 2021,Olympic Games,qual,"Tokyo, Japan",VT,(58),5.000,8.466,NA,13.466
Pranati,NAYAK,Women,IND,SUN 25 JUL 2021,Olympic Games,qual,"Tokyo, Japan",UE,(86),4.100,4.933,NA,9.033
Pranati,NAYAK,Women,IND,SUN 25 JUL 2021,Olympic Games,qual,"Tokyo, Japan",BB,(89),4.500,4.933,NA,9.433
Pranati,NAYAK,Women,IND,SUN 25 JUL 2021,Olympic Games,qual,"Tokyo, Japan",FX,(83),4.400,6.233,NA,10.633
Raegan,RUTTY,Women,CAY,SUN 25 JUL 2021,Olympic Games,qual,"Tokyo, Japan",VT,(84),3.700,8.433,NA,12.133
Raegan,RUTTY,Women,CAY,SUN 25 JUL 2021,Olympic Games,qual,"Tokyo, Japan",UE,(87),4.100,4.466,NA,8.566
Raegan,RUTTY,Women,CAY,SUN 25 JUL 2021,Olympic Games,qual,"Tokyo, Japan",BB,(91),3.800,4.483,NA,8.283
Raegan,RUTTY,Women,CAY,SUN 25 JUL 2021,Olympic Games,qual,"Tokyo, Japan",FX,(82),3.800,6.833,NA,10.633
